{
  "lang":"es",
  "name":"pipeline",
  "version":"0.0.0",
  "spacy_version":">=3.5.1,<3.6.0",
  "description":"",
  "author":"",
  "email":"",
  "url":"",
  "license":"",
  "spacy_git_version":"Unknown",
  "vectors":{
    "width":0,
    "vectors":0,
    "keys":0,
    "name":null,
    "mode":"default"
  },
  "labels":{
    "textcat":[
      "Sexual",
      "F\u00edsica",
      "Econ\u00f3mica",
      "Psicol\u00f3gica",
      "Simb\u00f3lica",
      "Indefinido"
    ]
  },
  "pipeline":[
    "textcat"
  ],
  "components":[
    "textcat"
  ],
  "disabled":[

  ],
  "performance":{
    "cats_score":0.3044498581,
    "cats_score_desc":"macro F",
    "cats_micro_p":0.5459940653,
    "cats_micro_r":0.5459940653,
    "cats_micro_f":0.5459940653,
    "cats_macro_p":0.3870105333,
    "cats_macro_r":0.3346726017,
    "cats_macro_f":0.3044498581,
    "cats_macro_auc":0.6929610918,
    "cats_f_per_type":{
      "Sexual":{
        "p":0.6666666667,
        "r":0.1538461538,
        "f":0.25
      },
      "F\u00edsica":{
        "p":0.7572254335,
        "r":0.8036809816,
        "f":0.7797619048
      },
      "Econ\u00f3mica":{
        "p":0.0,
        "r":0.0,
        "f":0.0
      },
      "Psicol\u00f3gica":{
        "p":0.6610169492,
        "r":0.3305084746,
        "f":0.4406779661
      },
      "Simb\u00f3lica":{
        "p":0.1212121212,
        "r":0.4,
        "f":0.1860465116
      },
      "Indefinido":{
        "p":0.115942029,
        "r":0.32,
        "f":0.170212766
      }
    },
    "textcat_loss":0.3457468188
  }
}