{
  "lang":"es",
  "name":"pipeline",
  "version":"0.0.0",
  "spacy_version":">=3.4.2,<3.5.0",
  "description":"",
  "author":"",
  "email":"",
  "url":"",
  "license":"",
  "spacy_git_version":"3d0e89536",
  "vectors":{
    "width":0,
    "vectors":0,
    "keys":0,
    "name":null,
    "mode":"default"
  },
  "labels":{
    "tok2vec":[

    ],
    "ner":[
      "DINERO",
      "FECHA",
      "HORA",
      "LUGAR",
      "MEDIDA",
      "MISC",
      "ORG",
      "PERSONA",
      "TIEMPO"
    ]
  },
  "pipeline":[
    "tok2vec",
    "ner"
  ],
  "components":[
    "tok2vec",
    "ner"
  ],
  "disabled":[

  ],
  "performance":{
    "ents_f":0.5118483412,
    "ents_p":0.5837837838,
    "ents_r":0.4556962025,
    "ents_per_type":{
      "MEDIDA":{
        "p":0.8125,
        "r":0.5652173913,
        "f":0.6666666667
      },
      "MISC":{
        "p":0.2777777778,
        "r":0.15625,
        "f":0.2
      },
      "FECHA":{
        "p":0.75,
        "r":0.7777777778,
        "f":0.7636363636
      },
      "LUGAR":{
        "p":0.5172413793,
        "r":0.4285714286,
        "f":0.46875
      },
      "PERSONA":{
        "p":0.4615384615,
        "r":0.3673469388,
        "f":0.4090909091
      },
      "ORG":{
        "p":0.625,
        "r":0.3571428571,
        "f":0.4545454545
      },
      "TIEMPO":{
        "p":0.9,
        "r":0.8181818182,
        "f":0.8571428571
      },
      "HORA":{
        "p":0.8333333333,
        "r":1.0,
        "f":0.9090909091
      },
      "DINERO":{
        "p":1.0,
        "r":0.3333333333,
        "f":0.5
      }
    },
    "tok2vec_loss":4955.3207274675,
    "ner_loss":3031.7685200816
  }
}