{
  "lang":"es",
  "name":"pipeline",
  "version":"0.0.0",
  "spacy_version":">=3.5.1,<3.6.0",
  "description":"",
  "author":"",
  "email":"",
  "url":"",
  "license":"",
  "spacy_git_version":"Unknown",
  "vectors":{
    "width":0,
    "vectors":0,
    "keys":0,
    "name":null,
    "mode":"default"
  },
  "labels":{
    "textcat":[
      "Sexual",
      "F\u00edsica",
      "Econ\u00f3mica",
      "Psicol\u00f3gica",
      "Simb\u00f3lica"
    ]
  },
  "pipeline":[
    "textcat"
  ],
  "components":[
    "textcat"
  ],
  "disabled":[

  ],
  "performance":{
    "cats_score":0.7409573243,
    "cats_score_desc":"macro F",
    "cats_micro_p":0.7333333333,
    "cats_micro_r":0.7333333333,
    "cats_micro_f":0.7333333333,
    "cats_macro_p":0.7708065666,
    "cats_macro_r":0.7269865207,
    "cats_macro_f":0.7409573243,
    "cats_macro_auc":0.9091665691,
    "cats_f_per_type":{
      "Sexual":{
        "p":0.7692307692,
        "r":0.6024096386,
        "f":0.6756756757
      },
      "F\u00edsica":{
        "p":0.8860759494,
        "r":0.7954545455,
        "f":0.8383233533
      },
      "Econ\u00f3mica":{
        "p":0.8571428571,
        "r":0.7636363636,
        "f":0.8076923077
      },
      "Psicol\u00f3gica":{
        "p":0.5987261146,
        "r":0.8392857143,
        "f":0.6988847584
      },
      "Simb\u00f3lica":{
        "p":0.7428571429,
        "r":0.6341463415,
        "f":0.6842105263
      }
    },
    "textcat_loss":1.5752425888
  }
}