{
  "lang":"es",
  "name":"pipeline",
  "version":"0.0.0",
  "spacy_version":">=3.5.3,<3.6.0",
  "description":"",
  "author":"",
  "email":"",
  "url":"",
  "license":"",
  "spacy_git_version":"512241e12",
  "vectors":{
    "width":0,
    "vectors":0,
    "keys":0,
    "name":null,
    "mode":"default"
  },
  "labels":{
    "textcat":[
      "Sexual",
      "F\u00edsica",
      "Econ\u00f3mica",
      "Psicol\u00f3gica",
      "Simb\u00f3lica",
      "Indefinido"
    ]
  },
  "pipeline":[
    "textcat"
  ],
  "components":[
    "textcat"
  ],
  "disabled":[

  ],
  "performance":{
    "cats_score":0.6797100329,
    "cats_score_desc":"macro F",
    "cats_micro_p":0.6967741935,
    "cats_micro_r":0.6967741935,
    "cats_micro_f":0.6967741935,
    "cats_macro_p":0.6999809941,
    "cats_macro_r":0.6719541783,
    "cats_macro_f":0.6797100329,
    "cats_macro_auc":0.9054083217,
    "cats_f_per_type":{
      "Sexual":{
        "p":0.6470588235,
        "r":0.6875,
        "f":0.6666666667
      },
      "F\u00edsica":{
        "p":0.7980769231,
        "r":0.83,
        "f":0.8137254902
      },
      "Econ\u00f3mica":{
        "p":0.8181818182,
        "r":0.7346938776,
        "f":0.7741935484
      },
      "Psicol\u00f3gica":{
        "p":0.6577181208,
        "r":0.7596899225,
        "f":0.7050359712
      },
      "Simb\u00f3lica":{
        "p":0.6031746032,
        "r":0.6031746032,
        "f":0.6031746032
      },
      "Indefinido":{
        "p":0.6756756757,
        "r":0.4166666667,
        "f":0.5154639175
      }
    },
    "textcat_loss":3.1334991488
  }
}