{
  "lang":"es",
  "name":"pipeline",
  "version":"0.0.0",
  "spacy_version":">=3.5.3,<3.6.0",
  "description":"",
  "author":"",
  "email":"",
  "url":"",
  "license":"",
  "spacy_git_version":"512241e12",
  "vectors":{
    "width":0,
    "vectors":0,
    "keys":0,
    "name":null,
    "mode":"default"
  },
  "labels":{
    "textcat":[
      "Sexual",
      "F\u00edsica",
      "Econ\u00f3mica",
      "Psicol\u00f3gica",
      "Simb\u00f3lica"
    ]
  },
  "pipeline":[
    "textcat"
  ],
  "components":[
    "textcat"
  ],
  "disabled":[

  ],
  "performance":{
    "cats_score":0.71826279,
    "cats_score_desc":"macro F",
    "cats_micro_p":0.7160194175,
    "cats_micro_r":0.7160194175,
    "cats_micro_f":0.7160194175,
    "cats_macro_p":0.7379253638,
    "cats_macro_r":0.7152147195,
    "cats_macro_f":0.71826279,
    "cats_macro_auc":0.9134686303,
    "cats_f_per_type":{
      "Sexual":{
        "p":0.8392857143,
        "r":0.5402298851,
        "f":0.6573426573
      },
      "F\u00edsica":{
        "p":0.7604166667,
        "r":0.8295454545,
        "f":0.7934782609
      },
      "Econ\u00f3mica":{
        "p":0.8166666667,
        "r":0.7903225806,
        "f":0.8032786885
      },
      "Psicol\u00f3gica":{
        "p":0.6165413534,
        "r":0.7592592593,
        "f":0.6804979253
      },
      "Simb\u00f3lica":{
        "p":0.6567164179,
        "r":0.6567164179,
        "f":0.6567164179
      }
    },
    "textcat_loss":0.1418939811
  }
}