{
  "lang":"es",
  "name":"pipeline",
  "version":"0.0.0",
  "spacy_version":">=3.5.1,<3.6.0",
  "description":"",
  "author":"",
  "email":"",
  "url":"",
  "license":"",
  "spacy_git_version":"Unknown",
  "vectors":{
    "width":0,
    "vectors":0,
    "keys":0,
    "name":null,
    "mode":"default"
  },
  "labels":{
    "tok2vec":[

    ],
    "ner":[
      "DINERO",
      "HORA",
      "LUGAR",
      "MEDIDA",
      "MISC",
      "ORG",
      "PERSONA",
      "TIEMPO"
    ]
  },
  "pipeline":[
    "tok2vec",
    "ner"
  ],
  "components":[
    "tok2vec",
    "ner"
  ],
  "disabled":[

  ],
  "performance":{
    "ents_f":0.2778793419,
    "ents_p":0.3438914027,
    "ents_r":0.2331288344,
    "ents_per_type":{
      "TIEMPO":{
        "p":0.3157894737,
        "r":0.2926829268,
        "f":0.3037974684
      },
      "LUGAR":{
        "p":0.4285714286,
        "r":0.1764705882,
        "f":0.25
      },
      "PERSONA":{
        "p":0.4367816092,
        "r":0.2835820896,
        "f":0.3438914027
      },
      "MISC":{
        "p":0.2388059701,
        "r":0.2105263158,
        "f":0.2237762238
      },
      "HORA":{
        "p":0.1,
        "r":0.04,
        "f":0.0571428571
      },
      "DINERO":{
        "p":0.5,
        "r":0.3333333333,
        "f":0.4
      },
      "ORG":{
        "p":0.6666666667,
        "r":0.2,
        "f":0.3076923077
      },
      "MEDIDA":{
        "p":0.0,
        "r":0.0,
        "f":0.0
      }
    },
    "tok2vec_loss":1475.1245435569,
    "ner_loss":667.8663915591
  }
}