{
  "lang":"es",
  "name":"pipeline",
  "version":"0.0.0",
  "spacy_version":">=3.5.1,<3.6.0",
  "description":"",
  "author":"",
  "email":"",
  "url":"",
  "license":"",
  "spacy_git_version":"Unknown",
  "vectors":{
    "width":0,
    "vectors":0,
    "keys":0,
    "name":null,
    "mode":"default"
  },
  "labels":{
    "textcat":[
      "Sexual",
      "F\u00edsica",
      "Econ\u00f3mica",
      "Psicol\u00f3gica",
      "Simb\u00f3lica",
      "Indefinido"
    ]
  },
  "pipeline":[
    "textcat"
  ],
  "components":[
    "textcat"
  ],
  "disabled":[

  ],
  "performance":{
    "cats_score":0.312761078,
    "cats_score_desc":"macro F",
    "cats_micro_p":0.5756676558,
    "cats_micro_r":0.5756676558,
    "cats_micro_f":0.5756676558,
    "cats_macro_p":0.3577458055,
    "cats_macro_r":0.3400332477,
    "cats_macro_f":0.312761078,
    "cats_macro_auc":0.7194411501,
    "cats_f_per_type":{
      "Sexual":{
        "p":0.5,
        "r":0.1538461538,
        "f":0.2352941176
      },
      "F\u00edsica":{
        "p":0.7567567568,
        "r":0.8588957055,
        "f":0.8045977011
      },
      "Econ\u00f3mica":{
        "p":0.0,
        "r":0.0,
        "f":0.0
      },
      "Psicol\u00f3gica":{
        "p":0.6119402985,
        "r":0.3474576271,
        "f":0.4432432432
      },
      "Simb\u00f3lica":{
        "p":0.1481481481,
        "r":0.4,
        "f":0.2162162162
      },
      "Indefinido":{
        "p":0.1296296296,
        "r":0.28,
        "f":0.1772151899
      }
    },
    "textcat_loss":0.7491480055
  }
}