{
  "lang":"es",
  "name":"pipeline",
  "version":"0.0.0",
  "spacy_version":">=3.5.3,<3.6.0",
  "description":"",
  "author":"",
  "email":"",
  "url":"",
  "license":"",
  "spacy_git_version":"512241e12",
  "vectors":{
    "width":0,
    "vectors":0,
    "keys":0,
    "name":null,
    "mode":"default"
  },
  "labels":{
    "textcat":[
      "Sexual",
      "F\u00edsica",
      "Econ\u00f3mica",
      "Psicol\u00f3gica",
      "Simb\u00f3lica",
      "Indefinido"
    ]
  },
  "pipeline":[
    "textcat"
  ],
  "components":[
    "textcat"
  ],
  "disabled":[

  ],
  "performance":{
    "cats_score":0.6328894463,
    "cats_score_desc":"macro F",
    "cats_micro_p":0.7597087379,
    "cats_micro_r":0.7597087379,
    "cats_micro_f":0.7597087379,
    "cats_macro_p":0.6440308179,
    "cats_macro_r":0.631632674,
    "cats_macro_f":0.6328894463,
    "cats_macro_auc":0.7707459083,
    "cats_f_per_type":{
      "Sexual":{
        "p":0.8307692308,
        "r":0.6506024096,
        "f":0.7297297297
      },
      "F\u00edsica":{
        "p":0.7553191489,
        "r":0.9342105263,
        "f":0.8352941176
      },
      "Econ\u00f3mica":{
        "p":0.85,
        "r":0.796875,
        "f":0.8225806452
      },
      "Psicol\u00f3gica":{
        "p":0.7022900763,
        "r":0.8,
        "f":0.7479674797
      },
      "Simb\u00f3lica":{
        "p":0.7258064516,
        "r":0.6081081081,
        "f":0.6617647059
      },
      "Indefinido":{
        "p":0.0,
        "r":0.0,
        "f":0.0
      }
    },
    "textcat_loss":1.1139567664
  }
}