{
  "lang":"es",
  "name":"pipeline",
  "version":"0.0.0",
  "spacy_version":">=3.4.2,<3.5.0",
  "description":"",
  "author":"",
  "email":"",
  "url":"",
  "license":"",
  "spacy_git_version":"3d0e89536",
  "vectors":{
    "width":0,
    "vectors":0,
    "keys":0,
    "name":null,
    "mode":"default"
  },
  "labels":{
    "tok2vec":[

    ],
    "ner":[
      "DINERO",
      "FECHA",
      "HORA",
      "LUGAR",
      "MEDIDA",
      "MISC",
      "ORG",
      "PERSONA",
      "TIEMPO"
    ]
  },
  "pipeline":[
    "tok2vec",
    "ner"
  ],
  "components":[
    "tok2vec",
    "ner"
  ],
  "disabled":[

  ],
  "performance":{
    "ents_f":0.5650969529,
    "ents_p":0.6496815287,
    "ents_r":0.5,
    "ents_per_type":{
      "DINERO":{
        "p":0.875,
        "r":0.7777777778,
        "f":0.8235294118
      },
      "FECHA":{
        "p":0.6444444444,
        "r":0.725,
        "f":0.6823529412
      },
      "TIEMPO":{
        "p":0.8,
        "r":0.7619047619,
        "f":0.7804878049
      },
      "MEDIDA":{
        "p":0.6666666667,
        "r":0.25,
        "f":0.3636363636
      },
      "MISC":{
        "p":0.4285714286,
        "r":0.1764705882,
        "f":0.25
      },
      "LUGAR":{
        "p":0.4615384615,
        "r":0.4186046512,
        "f":0.4390243902
      },
      "HORA":{
        "p":0.8333333333,
        "r":0.8333333333,
        "f":0.8333333333
      },
      "ORG":{
        "p":0.6,
        "r":0.3,
        "f":0.4
      },
      "PERSONA":{
        "p":0.7692307692,
        "r":0.303030303,
        "f":0.4347826087
      }
    },
    "tok2vec_loss":229.4913008586,
    "ner_loss":468.4312640081
  }
}