{
  "lang":"es",
  "name":"pipeline",
  "version":"0.0.0",
  "spacy_version":">=3.4.2,<3.5.0",
  "description":"",
  "author":"",
  "email":"",
  "url":"",
  "license":"",
  "spacy_git_version":"3d0e89536",
  "vectors":{
    "width":0,
    "vectors":0,
    "keys":0,
    "name":null,
    "mode":"default"
  },
  "labels":{
    "tok2vec":[

    ],
    "ner":[
      "DINERO",
      "FECHA",
      "HORA",
      "LUGAR",
      "MEDIDA",
      "MISC",
      "ORG",
      "PERSONA",
      "TIEMPO"
    ]
  },
  "pipeline":[
    "tok2vec",
    "ner"
  ],
  "components":[
    "tok2vec",
    "ner"
  ],
  "disabled":[

  ],
  "performance":{
    "ents_f":0.5582655827,
    "ents_p":0.6242424242,
    "ents_r":0.5049019608,
    "ents_per_type":{
      "LUGAR":{
        "p":0.5526315789,
        "r":0.488372093,
        "f":0.5185185185
      },
      "DINERO":{
        "p":0.8823529412,
        "r":0.8333333333,
        "f":0.8571428571
      },
      "FECHA":{
        "p":0.612244898,
        "r":0.75,
        "f":0.6741573034
      },
      "TIEMPO":{
        "p":0.8,
        "r":0.7619047619,
        "f":0.7804878049
      },
      "MEDIDA":{
        "p":0.6666666667,
        "r":0.25,
        "f":0.3636363636
      },
      "MISC":{
        "p":0.25,
        "r":0.1764705882,
        "f":0.2068965517
      },
      "HORA":{
        "p":0.8,
        "r":0.6666666667,
        "f":0.7272727273
      },
      "PERSONA":{
        "p":0.5833333333,
        "r":0.2121212121,
        "f":0.3111111111
      },
      "ORG":{
        "p":0.5,
        "r":0.3,
        "f":0.375
      }
    },
    "tok2vec_loss":208.8558918834,
    "ner_loss":414.6690769841
  }
}