{
  "lang":"es",
  "name":"pipeline",
  "version":"0.0.0",
  "spacy_version":">=3.4.2,<3.5.0",
  "description":"",
  "author":"",
  "email":"",
  "url":"",
  "license":"",
  "spacy_git_version":"3d0e89536",
  "vectors":{
    "width":0,
    "vectors":0,
    "keys":0,
    "name":null,
    "mode":"default"
  },
  "labels":{
    "tok2vec":[

    ],
    "ner":[
      "DINERO",
      "FECHA",
      "HORA",
      "LUGAR",
      "MEDIDA",
      "MISC",
      "ORG",
      "PERSONA",
      "TIEMPO"
    ]
  },
  "pipeline":[
    "tok2vec",
    "ner"
  ],
  "components":[
    "tok2vec",
    "ner"
  ],
  "disabled":[

  ],
  "performance":{
    "ents_f":0.7443365696,
    "ents_p":0.7823129252,
    "ents_r":0.7098765432,
    "ents_per_type":{
      "LUGAR":{
        "p":0.7142857143,
        "r":0.5555555556,
        "f":0.625
      },
      "FECHA":{
        "p":0.8235294118,
        "r":0.8,
        "f":0.8115942029
      },
      "HORA":{
        "p":0.8666666667,
        "r":0.9285714286,
        "f":0.8965517241
      },
      "PERSONA":{
        "p":0.6,
        "r":0.5454545455,
        "f":0.5714285714
      },
      "MISC":{
        "p":0.2857142857,
        "r":0.2,
        "f":0.2352941176
      },
      "MEDIDA":{
        "p":0.9473684211,
        "r":0.8571428571,
        "f":0.9
      },
      "DINERO":{
        "p":1.0,
        "r":1.0,
        "f":1.0
      },
      "TIEMPO":{
        "p":0.7,
        "r":0.875,
        "f":0.7777777778
      },
      "ORG":{
        "p":0.625,
        "r":0.4545454545,
        "f":0.5263157895
      }
    },
    "tok2vec_loss":350.5163425769,
    "ner_loss":50.6911393285
  }
}