{
  "lang":"es",
  "name":"pipeline",
  "version":"0.0.0",
  "spacy_version":">=3.5.3,<3.6.0",
  "description":"",
  "author":"",
  "email":"",
  "url":"",
  "license":"",
  "spacy_git_version":"512241e12",
  "vectors":{
    "width":0,
    "vectors":0,
    "keys":0,
    "name":null,
    "mode":"default"
  },
  "labels":{
    "textcat":[
      "Sexual",
      "F\u00edsica",
      "Econ\u00f3mica",
      "Psicol\u00f3gica",
      "Simb\u00f3lica",
      "Indefinido"
    ]
  },
  "pipeline":[
    "textcat"
  ],
  "components":[
    "textcat"
  ],
  "disabled":[

  ],
  "performance":{
    "cats_score":0.6087687164,
    "cats_score_desc":"macro F",
    "cats_micro_p":0.7305825243,
    "cats_micro_r":0.7305825243,
    "cats_micro_f":0.7305825243,
    "cats_macro_p":0.6185349419,
    "cats_macro_r":0.6075163637,
    "cats_macro_f":0.6087687164,
    "cats_macro_auc":0.7650329173,
    "cats_f_per_type":{
      "Sexual":{
        "p":0.8153846154,
        "r":0.6385542169,
        "f":0.7162162162
      },
      "F\u00edsica":{
        "p":0.7608695652,
        "r":0.9210526316,
        "f":0.8333333333
      },
      "Econ\u00f3mica":{
        "p":0.7833333333,
        "r":0.734375,
        "f":0.7580645161
      },
      "Psicol\u00f3gica":{
        "p":0.6641221374,
        "r":0.7565217391,
        "f":0.7073170732
      },
      "Simb\u00f3lica":{
        "p":0.6875,
        "r":0.5945945946,
        "f":0.6376811594
      },
      "Indefinido":{
        "p":0.0,
        "r":0.0,
        "f":0.0
      }
    },
    "textcat_loss":0.2194685794
  }
}