{
  "lang":"es",
  "name":"pipeline",
  "version":"0.0.0",
  "spacy_version":">=3.5.3,<3.6.0",
  "description":"",
  "author":"",
  "email":"",
  "url":"",
  "license":"",
  "spacy_git_version":"512241e12",
  "vectors":{
    "width":0,
    "vectors":0,
    "keys":0,
    "name":null,
    "mode":"default"
  },
  "labels":{
    "textcat":[
      "Sexual",
      "F\u00edsica",
      "Econ\u00f3mica",
      "Psicol\u00f3gica",
      "Simb\u00f3lica",
      "Indefinido"
    ]
  },
  "pipeline":[
    "textcat"
  ],
  "components":[
    "textcat"
  ],
  "disabled":[

  ],
  "performance":{
    "cats_score":0.6413055824,
    "cats_score_desc":"macro F",
    "cats_micro_p":0.6559139785,
    "cats_micro_r":0.6559139785,
    "cats_micro_f":0.6559139785,
    "cats_macro_p":0.656196726,
    "cats_macro_r":0.6352372932,
    "cats_macro_f":0.6413055824,
    "cats_macro_auc":0.9006047787,
    "cats_f_per_type":{
      "Sexual":{
        "p":0.65625,
        "r":0.65625,
        "f":0.65625
      },
      "F\u00edsica":{
        "p":0.8105263158,
        "r":0.77,
        "f":0.7897435897
      },
      "Econ\u00f3mica":{
        "p":0.8181818182,
        "r":0.7346938776,
        "f":0.7741935484
      },
      "Psicol\u00f3gica":{
        "p":0.6133333333,
        "r":0.7131782946,
        "f":0.6594982079
      },
      "Simb\u00f3lica":{
        "p":0.5138888889,
        "r":0.5873015873,
        "f":0.5481481481
      },
      "Indefinido":{
        "p":0.525,
        "r":0.35,
        "f":0.42
      }
    },
    "textcat_loss":0.3017926363
  }
}