{
  "lang":"es",
  "name":"pipeline",
  "version":"0.0.0",
  "spacy_version":">=3.5.1,<3.6.0",
  "description":"",
  "author":"",
  "email":"",
  "url":"",
  "license":"",
  "spacy_git_version":"Unknown",
  "vectors":{
    "width":300,
    "vectors":20000,
    "keys":500000,
    "name":"es_vectors",
    "mode":"default"
  },
  "labels":{
    "tok2vec":[

    ],
    "ner":[
      "DINERO",
      "FECHA",
      "HORA",
      "LUGAR",
      "MEDIDA",
      "MISC",
      "ORG",
      "PERSONA",
      "TIEMPO"
    ]
  },
  "pipeline":[
    "tok2vec",
    "ner"
  ],
  "components":[
    "tok2vec",
    "ner"
  ],
  "disabled":[

  ],
  "performance":{
    "ents_f":0.6907216495,
    "ents_p":0.7282608696,
    "ents_r":0.6568627451,
    "ents_per_type":{
      "DINERO":{
        "p":1.0,
        "r":0.8888888889,
        "f":0.9411764706
      },
      "FECHA":{
        "p":0.8181818182,
        "r":0.9,
        "f":0.8571428571
      },
      "LUGAR":{
        "p":0.6097560976,
        "r":0.5813953488,
        "f":0.5952380952
      },
      "TIEMPO":{
        "p":0.75,
        "r":0.8571428571,
        "f":0.8
      },
      "MEDIDA":{
        "p":0.625,
        "r":0.3125,
        "f":0.4166666667
      },
      "MISC":{
        "p":0.5714285714,
        "r":0.2352941176,
        "f":0.3333333333
      },
      "HORA":{
        "p":0.8,
        "r":0.6666666667,
        "f":0.7272727273
      },
      "PERSONA":{
        "p":0.7096774194,
        "r":0.6666666667,
        "f":0.6875
      },
      "ORG":{
        "p":0.5,
        "r":0.4,
        "f":0.4444444444
      }
    },
    "tok2vec_loss":16.4353382065,
    "ner_loss":6.1069911681
  }
}