{
  "lang":"es",
  "name":"pipeline",
  "version":"0.0.0",
  "spacy_version":">=3.5.1,<3.6.0",
  "description":"",
  "author":"",
  "email":"",
  "url":"",
  "license":"",
  "spacy_git_version":"Unknown",
  "vectors":{
    "width":0,
    "vectors":0,
    "keys":0,
    "name":null,
    "mode":"default"
  },
  "labels":{
    "tok2vec":[

    ],
    "ner":[
      "DINERO",
      "FECHA",
      "HORA",
      "LUGAR",
      "MEDIDA",
      "MISC",
      "ORG",
      "PERSONA",
      "TIEMPO"
    ]
  },
  "pipeline":[
    "tok2vec",
    "ner"
  ],
  "components":[
    "tok2vec",
    "ner"
  ],
  "disabled":[

  ],
  "performance":{
    "ents_f":0.614379085,
    "ents_p":0.6308724832,
    "ents_r":0.5987261146,
    "ents_per_type":{
      "HORA":{
        "p":0.8947368421,
        "r":0.8947368421,
        "f":0.8947368421
      },
      "FECHA":{
        "p":0.8409090909,
        "r":0.7872340426,
        "f":0.8131868132
      },
      "MISC":{
        "p":0.2,
        "r":0.1860465116,
        "f":0.1927710843
      },
      "PERSONA":{
        "p":0.734939759,
        "r":0.6630434783,
        "f":0.6971428571
      },
      "LUGAR":{
        "p":0.5,
        "r":0.4363636364,
        "f":0.4660194175
      },
      "ORG":{
        "p":0.3333333333,
        "r":0.4545454545,
        "f":0.3846153846
      },
      "MEDIDA":{
        "p":0.4782608696,
        "r":0.7333333333,
        "f":0.5789473684
      },
      "DINERO":{
        "p":1.0,
        "r":1.0,
        "f":1.0
      },
      "TIEMPO":{
        "p":0.9090909091,
        "r":0.5882352941,
        "f":0.7142857143
      }
    },
    "tok2vec_loss":407.1358612409,
    "ner_loss":1092.0944855358
  }
}