{
  "lang":"es",
  "name":"pipeline",
  "version":"0.0.0",
  "spacy_version":">=3.5.3,<3.6.0",
  "description":"",
  "author":"",
  "email":"",
  "url":"",
  "license":"",
  "spacy_git_version":"512241e12",
  "vectors":{
    "width":0,
    "vectors":0,
    "keys":0,
    "name":null,
    "mode":"default"
  },
  "labels":{
    "textcat":[
      "Sexual",
      "F\u00edsica",
      "Econ\u00f3mica",
      "Psicol\u00f3gica",
      "Simb\u00f3lica"
    ]
  },
  "pipeline":[
    "textcat"
  ],
  "components":[
    "textcat"
  ],
  "disabled":[

  ],
  "performance":{
    "cats_score":0.7272174254,
    "cats_score_desc":"macro F",
    "cats_micro_p":0.7233009709,
    "cats_micro_r":0.7233009709,
    "cats_micro_f":0.7233009709,
    "cats_macro_p":0.7468719717,
    "cats_macro_r":0.7241699434,
    "cats_macro_f":0.7272174254,
    "cats_macro_auc":0.9166432609,
    "cats_f_per_type":{
      "Sexual":{
        "p":0.8392857143,
        "r":0.5402298851,
        "f":0.6573426573
      },
      "F\u00edsica":{
        "p":0.7765957447,
        "r":0.8295454545,
        "f":0.8021978022
      },
      "Econ\u00f3mica":{
        "p":0.8305084746,
        "r":0.7903225806,
        "f":0.8099173554
      },
      "Psicol\u00f3gica":{
        "p":0.6165413534,
        "r":0.7592592593,
        "f":0.6804979253
      },
      "Simb\u00f3lica":{
        "p":0.6714285714,
        "r":0.7014925373,
        "f":0.6861313869
      }
    },
    "textcat_loss":0.2162992242
  }
}