{
  "lang":"es",
  "name":"pipeline",
  "version":"0.0.0",
  "spacy_version":">=3.5.1,<3.6.0",
  "description":"",
  "author":"",
  "email":"",
  "url":"",
  "license":"",
  "spacy_git_version":"Unknown",
  "vectors":{
    "width":0,
    "vectors":0,
    "keys":0,
    "name":null,
    "mode":"default"
  },
  "labels":{
    "textcat":[
      "Sexual",
      "F\u00edsica",
      "Econ\u00f3mica",
      "Psicol\u00f3gica",
      "Simb\u00f3lica",
      "Indefinido"
    ]
  },
  "pipeline":[
    "textcat"
  ],
  "components":[
    "textcat"
  ],
  "disabled":[

  ],
  "performance":{
    "cats_score":0.5596102575,
    "cats_score_desc":"macro F",
    "cats_micro_p":0.7564575646,
    "cats_micro_r":0.7564575646,
    "cats_micro_f":0.7564575646,
    "cats_macro_p":0.6779350105,
    "cats_macro_r":0.5361343025,
    "cats_macro_f":0.5596102575,
    "cats_macro_auc":0.7187523951,
    "cats_f_per_type":{
      "Sexual":{
        "p":1.0,
        "r":0.2,
        "f":0.3333333333
      },
      "F\u00edsica":{
        "p":0.9166666667,
        "r":0.8048780488,
        "f":0.8571428571
      },
      "Econ\u00f3mica":{
        "p":0.7608695652,
        "r":0.7608695652,
        "f":0.7608695652
      },
      "Psicol\u00f3gica":{
        "p":0.6509433962,
        "r":0.8214285714,
        "f":0.7263157895
      },
      "Simb\u00f3lica":{
        "p":0.7391304348,
        "r":0.6296296296,
        "f":0.68
      },
      "Indefinido":{
        "p":0.0,
        "r":0.0,
        "f":0.0
      }
    },
    "textcat_loss":1.5551974728
  }
}