{
  "lang":"es",
  "name":"pipeline",
  "version":"0.0.0",
  "spacy_version":">=3.5.1,<3.6.0",
  "description":"",
  "author":"",
  "email":"",
  "url":"",
  "license":"",
  "spacy_git_version":"Unknown",
  "vectors":{
    "width":0,
    "vectors":0,
    "keys":0,
    "name":null,
    "mode":"default"
  },
  "labels":{
    "tok2vec":[

    ],
    "ner":[
      "DINERO",
      "FECHA",
      "HORA",
      "LUGAR",
      "MEDIDA",
      "MISC",
      "ORG",
      "PERSONA",
      "TIEMPO"
    ]
  },
  "pipeline":[
    "tok2vec",
    "ner"
  ],
  "components":[
    "tok2vec",
    "ner"
  ],
  "disabled":[

  ],
  "performance":{
    "ents_f":0.6068515498,
    "ents_p":0.6220735786,
    "ents_r":0.5923566879,
    "ents_per_type":{
      "HORA":{
        "p":0.85,
        "r":0.8947368421,
        "f":0.8717948718
      },
      "FECHA":{
        "p":0.7692307692,
        "r":0.8510638298,
        "f":0.8080808081
      },
      "MISC":{
        "p":0.2105263158,
        "r":0.1860465116,
        "f":0.1975308642
      },
      "LUGAR":{
        "p":0.4615384615,
        "r":0.4363636364,
        "f":0.4485981308
      },
      "ORG":{
        "p":0.3529411765,
        "r":0.5454545455,
        "f":0.4285714286
      },
      "TIEMPO":{
        "p":0.75,
        "r":0.7058823529,
        "f":0.7272727273
      },
      "PERSONA":{
        "p":0.7534246575,
        "r":0.597826087,
        "f":0.6666666667
      },
      "MEDIDA":{
        "p":0.625,
        "r":0.6666666667,
        "f":0.6451612903
      },
      "DINERO":{
        "p":0.9333333333,
        "r":0.9333333333,
        "f":0.9333333333
      }
    },
    "tok2vec_loss":536.8767520738,
    "ner_loss":1036.3950179875
  }
}