{
  "lang":"es",
  "name":"pipeline",
  "version":"0.0.0",
  "spacy_version":">=3.4.2,<3.5.0",
  "description":"",
  "author":"",
  "email":"",
  "url":"",
  "license":"",
  "spacy_git_version":"3d0e89536",
  "vectors":{
    "width":0,
    "vectors":0,
    "keys":0,
    "name":null,
    "mode":"default"
  },
  "labels":{
    "tok2vec":[

    ],
    "ner":[
      "DINERO",
      "FECHA",
      "HORA",
      "LUGAR",
      "MEDIDA",
      "MISC",
      "ORG",
      "PERSONA",
      "TIEMPO"
    ]
  },
  "pipeline":[
    "tok2vec",
    "ner"
  ],
  "components":[
    "tok2vec",
    "ner"
  ],
  "disabled":[

  ],
  "performance":{
    "ents_f":0.5429234339,
    "ents_p":0.6030927835,
    "ents_r":0.4936708861,
    "ents_per_type":{
      "MEDIDA":{
        "p":0.8235294118,
        "r":0.6086956522,
        "f":0.7
      },
      "MISC":{
        "p":0.35,
        "r":0.21875,
        "f":0.2692307692
      },
      "FECHA":{
        "p":0.75,
        "r":0.7777777778,
        "f":0.7636363636
      },
      "LUGAR":{
        "p":0.484375,
        "r":0.4428571429,
        "f":0.4626865672
      },
      "PERSONA":{
        "p":0.5897435897,
        "r":0.4693877551,
        "f":0.5227272727
      },
      "ORG":{
        "p":0.7142857143,
        "r":0.3571428571,
        "f":0.4761904762
      },
      "TIEMPO":{
        "p":0.8181818182,
        "r":0.8181818182,
        "f":0.8181818182
      },
      "HORA":{
        "p":0.8333333333,
        "r":1.0,
        "f":0.9090909091
      },
      "DINERO":{
        "p":1.0,
        "r":0.3333333333,
        "f":0.5
      }
    },
    "tok2vec_loss":2646.8976831436,
    "ner_loss":6586.2613101894
  }
}