{
  "lang":"es",
  "name":"pipeline",
  "version":"0.0.0",
  "spacy_version":">=3.4.2,<3.5.0",
  "description":"",
  "author":"",
  "email":"",
  "url":"",
  "license":"",
  "spacy_git_version":"3d0e89536",
  "vectors":{
    "width":0,
    "vectors":0,
    "keys":0,
    "name":null,
    "mode":"default"
  },
  "labels":{
    "tok2vec":[

    ],
    "ner":[
      "DINERO",
      "FECHA",
      "HORA",
      "LUGAR",
      "MEDIDA",
      "MISC",
      "ORG",
      "PERSONA",
      "TIEMPO"
    ]
  },
  "pipeline":[
    "tok2vec",
    "ner"
  ],
  "components":[
    "tok2vec",
    "ner"
  ],
  "disabled":[

  ],
  "performance":{
    "ents_f":0.7169811321,
    "ents_p":0.7307692308,
    "ents_r":0.7037037037,
    "ents_per_type":{
      "LUGAR":{
        "p":0.488372093,
        "r":0.5833333333,
        "f":0.5316455696
      },
      "FECHA":{
        "p":0.8055555556,
        "r":0.8285714286,
        "f":0.8169014085
      },
      "HORA":{
        "p":0.9230769231,
        "r":0.8571428571,
        "f":0.8888888889
      },
      "MISC":{
        "p":0.1428571429,
        "r":0.1,
        "f":0.1176470588
      },
      "MEDIDA":{
        "p":0.9047619048,
        "r":0.9047619048,
        "f":0.9047619048
      },
      "DINERO":{
        "p":0.9411764706,
        "r":1.0,
        "f":0.9696969697
      },
      "TIEMPO":{
        "p":1.0,
        "r":0.875,
        "f":0.9333333333
      },
      "PERSONA":{
        "p":0.6666666667,
        "r":0.5454545455,
        "f":0.6
      },
      "ORG":{
        "p":1.0,
        "r":0.2727272727,
        "f":0.4285714286
      }
    },
    "tok2vec_loss":918.1876630705,
    "ner_loss":77.8466711347
  }
}