{
  "lang":"es",
  "name":"pipeline",
  "version":"0.0.0",
  "spacy_version":">=3.5.1,<3.6.0",
  "description":"",
  "author":"",
  "email":"",
  "url":"",
  "license":"",
  "spacy_git_version":"Unknown",
  "vectors":{
    "width":0,
    "vectors":0,
    "keys":0,
    "name":null,
    "mode":"default"
  },
  "labels":{
    "textcat":[
      "Sexual",
      "F\u00edsica",
      "Econ\u00f3mica",
      "Psicol\u00f3gica",
      "Simb\u00f3lica"
    ]
  },
  "pipeline":[
    "textcat"
  ],
  "components":[
    "textcat"
  ],
  "disabled":[

  ],
  "performance":{
    "cats_score":0.7185662359,
    "cats_score_desc":"macro F",
    "cats_micro_p":0.7119047619,
    "cats_micro_r":0.7119047619,
    "cats_micro_f":0.7119047619,
    "cats_macro_p":0.7332352832,
    "cats_macro_r":0.7117798371,
    "cats_macro_f":0.7185662359,
    "cats_macro_auc":0.899664726,
    "cats_f_per_type":{
      "Sexual":{
        "p":0.7692307692,
        "r":0.6024096386,
        "f":0.6756756757
      },
      "F\u00edsica":{
        "p":0.8571428571,
        "r":0.8181818182,
        "f":0.8372093023
      },
      "Econ\u00f3mica":{
        "p":0.7962962963,
        "r":0.7818181818,
        "f":0.7889908257
      },
      "Psicol\u00f3gica":{
        "p":0.6071428571,
        "r":0.7589285714,
        "f":0.6746031746
      },
      "Simb\u00f3lica":{
        "p":0.6363636364,
        "r":0.5975609756,
        "f":0.6163522013
      }
    },
    "textcat_loss":0.32572452
  }
}