{
  "lang":"es",
  "name":"pipeline",
  "version":"0.0.0",
  "spacy_version":">=3.5.1,<3.6.0",
  "description":"",
  "author":"",
  "email":"",
  "url":"",
  "license":"",
  "spacy_git_version":"Unknown",
  "vectors":{
    "width":0,
    "vectors":0,
    "keys":0,
    "name":null,
    "mode":"default"
  },
  "labels":{
    "tok2vec":[

    ],
    "ner":[
      "DINERO",
      "FECHA",
      "HORA",
      "LUGAR",
      "MEDIDA",
      "MISC",
      "ORG",
      "PERSONA",
      "TIEMPO"
    ]
  },
  "pipeline":[
    "tok2vec",
    "ner"
  ],
  "components":[
    "tok2vec",
    "ner"
  ],
  "disabled":[

  ],
  "performance":{
    "ents_f":0.6770833333,
    "ents_p":0.7514450867,
    "ents_r":0.6161137441,
    "ents_per_type":{
      "HORA":{
        "p":0.9411764706,
        "r":0.8421052632,
        "f":0.8888888889
      },
      "TIEMPO":{
        "p":0.8333333333,
        "r":0.7692307692,
        "f":0.8
      },
      "FECHA":{
        "p":0.7878787879,
        "r":0.7428571429,
        "f":0.7647058824
      },
      "PERSONA":{
        "p":0.7777777778,
        "r":0.7368421053,
        "f":0.7567567568
      },
      "DINERO":{
        "p":1.0,
        "r":0.9090909091,
        "f":0.9523809524
      },
      "LUGAR":{
        "p":0.5882352941,
        "r":0.4166666667,
        "f":0.487804878
      },
      "ORG":{
        "p":0.5454545455,
        "r":0.4285714286,
        "f":0.48
      },
      "MEDIDA":{
        "p":0.7692307692,
        "r":0.7142857143,
        "f":0.7407407407
      },
      "MISC":{
        "p":0.5714285714,
        "r":0.2105263158,
        "f":0.3076923077
      }
    },
    "tok2vec_loss":1895.421089907,
    "ner_loss":1882.7220486743
  }
}