{
  "lang":"es",
  "name":"pipeline",
  "version":"0.0.0",
  "spacy_version":">=3.5.1,<3.6.0",
  "description":"",
  "author":"",
  "email":"",
  "url":"",
  "license":"",
  "spacy_git_version":"Unknown",
  "vectors":{
    "width":0,
    "vectors":0,
    "keys":0,
    "name":null,
    "mode":"default"
  },
  "labels":{
    "tok2vec":[

    ],
    "ner":[
      "DINERO",
      "HORA",
      "LUGAR",
      "MEDIDA",
      "MISC",
      "ORG",
      "PERSONA",
      "TIEMPO"
    ]
  },
  "pipeline":[
    "tok2vec",
    "ner"
  ],
  "components":[
    "tok2vec",
    "ner"
  ],
  "disabled":[

  ],
  "performance":{
    "ents_f":0.2637362637,
    "ents_p":0.3272727273,
    "ents_r":0.2208588957,
    "ents_per_type":{
      "TIEMPO":{
        "p":0.275862069,
        "r":0.1951219512,
        "f":0.2285714286
      },
      "LUGAR":{
        "p":0.380952381,
        "r":0.2352941176,
        "f":0.2909090909
      },
      "MISC":{
        "p":0.2678571429,
        "r":0.1973684211,
        "f":0.2272727273
      },
      "PERSONA":{
        "p":0.381443299,
        "r":0.276119403,
        "f":0.3203463203
      },
      "HORA":{
        "p":0.1818181818,
        "r":0.08,
        "f":0.1111111111
      },
      "DINERO":{
        "p":0.3333333333,
        "r":0.3333333333,
        "f":0.3333333333
      },
      "ORG":{
        "p":0.5,
        "r":0.1,
        "f":0.1666666667
      },
      "MEDIDA":{
        "p":0.0,
        "r":0.0,
        "f":0.0
      }
    },
    "tok2vec_loss":1723.5096833446,
    "ner_loss":293.0532699736
  }
}